{
    "firstTime": true,
    "chickenHeadTimerDisplay": {
        "x": 248,
        "y": 28.028961181640625,
        "scale": 1
    },
    "communityGoalDisplay": {
        "x": 20,
        "y": 77.41159057617188,
        "scale": 1
    }
}