{
    "firstTime": true,
    "chickenHeadTimerDisplay": {
        "x": 18.33333396911621,
        "y": 61.729278564453125,
        "scale": 1
    },
    "communityGoalDisplay": {
        "x": 298,
        "y": 168.83616638183594,
        "scale": 1
    }
}