{
    "firstTime": true,
    "chickenHeadTimerDisplay": {
        "x": 268,
        "y": 36.70428466796875,
        "scale": 1
    },
    "communityGoalDisplay": {
        "x": 12,
        "y": 113.78121948242188,
        "scale": 1
    }
}