{
    "firstTime": true,
    "chickenHeadTimerDisplay": {
        "x": 248,
        "y": 28.028961181640625,
        "scale": 1
    },
    "communityGoalDisplay": {
        "x": 20.66666603088379,
        "y": 63.063934326171875,
        "scale": 1
    }
}