{
    "firstTime": true,
    "chickenHeadTimerDisplay": {
        "x": 248,
        "y": 28.028961181640625,
        "scale": 1
    },
    "communityGoalDisplay": {
        "x": 309.6666564941406,
        "y": 193.1938018798828,
        "scale": 1
    }
}