{
    "firstTime": true,
    "chickenHeadTimerDisplay": {
        "x": 273,
        "y": 39.707305908203125,
        "scale": 1
    },
    "communityGoalDisplay": {
        "x": 134.3332438468933,
        "y": 165.16578674316406,
        "scale": 1
    }
}